{
  "timestamp": 1773989999.1448858,
  "arm_joint_states": [
    -1.074169635772705,
    0.6110990047454834,
    0.2794792056083679,
    -1.284005880355835,
    0.7304395437240601,
    1.4952380657196045,
    -0.18755260109901428,
    1.0742045640945435,
    -0.6110292077064514,
    -0.2794792056083679,
    1.284005880355835,
    -0.7303348779678345,
    -1.4952731132507324,
    0.18755260109901428
  ],
  "head_joint_states": [
    0.0,
    24.999846985657957
  ],
  "waist_joint_states": [
    0.4363327457474638,
    0.22
  ],
  "gripper_states": [
    120.0,
    120.0
  ]
}