{
  "timestamp": 1773372856.5966496,
  "arm_joint_states": [
    0.8430618643760681,
    0.7079988718032837,
    -0.49907001852989197,
    -1.831918478012085,
    0.8921835422515869,
    0.7092552781105042,
    1.1024211645126343,
    -0.8305153250694275,
    -0.6663980484008789,
    0.49137455224990845,
    1.831883430480957,
    -0.9000710248947144,
    -0.7354128360748291,
    -1.0893162488937378
  ],
  "head_joint_states": [
    0.0,
    0.0
  ],
  "waist_joint_states": [
    0.0,
    0.21470199584960936
  ],
  "gripper_states": [
    0.21733333333333293,
    0.0
  ]
}
